K,latent,noise,rule,rank,guaranteed,reliability,mean_coverage,rel_width
110,normal,Gaussian,usual,105,False,1.0,0.9837957808415918,1.50162842743544
110,normal,Gaussian,Gaussian,105,True,1.0,0.9837957808415918,1.50162842743544
110,normal,Gaussian,symm. unimodal,105,True,1.0,0.9837957808415918,1.50162842743544
110,normal,Gaussian,log-concave,105,True,1.0,0.9837957808415918,1.50162842743544
110,normal,Gaussian,shape-free,109,True,1.0,0.9968407554123279,1.917550574695886
110,normal,Gaussian,shape-free LC,110,True,1.0,0.9987948559858436,2.219804708947244
110,normal,uniform,usual,105,False,1.0,0.9836640480138621,1.4925267990606044
110,normal,uniform,Gaussian,105,False,1.0,0.9836640480138621,1.4925267990606044
110,normal,uniform,symm. unimodal,105,True,1.0,0.9836640480138621,1.4925267990606044
110,normal,uniform,log-concave,105,True,1.0,0.9836640480138621,1.4925267990606044
110,normal,uniform,shape-free,109,True,1.0,0.996539558284047,1.8667332635225375
110,normal,uniform,shape-free LC,110,True,1.0,0.9986380129456117,2.1218289970018778
110,normal,Laplace,usual,105,False,1.0,0.9837299606315415,1.5046701176507653
110,normal,Laplace,Gaussian,105,False,1.0,0.9837299606315415,1.5046701176507653
110,normal,Laplace,symm. unimodal,105,True,1.0,0.9837299606315415,1.5046701176507653
110,normal,Laplace,log-concave,105,True,1.0,0.9837299606315415,1.5046701176507653
110,normal,Laplace,shape-free,109,True,1.0,0.9973894387893019,2.0088735893038656
110,normal,Laplace,shape-free LC,110,True,1.0,0.9991647045658942,2.4402583070484334
110,normal,t3,usual,105,False,1.0,0.97905827621564,1.4452988329417342
110,normal,t3,Gaussian,105,False,1.0,0.97905827621564,1.4452988329417342
110,normal,t3,symm. unimodal,105,True,1.0,0.97905827621564,1.4452988329417342
110,normal,t3,log-concave,105,False,1.0,0.97905827621564,1.4452988329417342
110,normal,t3,shape-free,109,True,1.0,0.9963625797124537,1.9804439995685845
110,normal,t3,shape-free LC,110,False,1.0,0.9988016768476722,2.718900651646168
110,normal,centred exp,usual,105,False,1.0,0.982458399062263,1.4905193609877139
110,normal,centred exp,Gaussian,105,False,1.0,0.982458399062263,1.4905193609877139
110,normal,centred exp,symm. unimodal,105,False,1.0,0.982458399062263,1.4905193609877139
110,normal,centred exp,log-concave,105,True,1.0,0.982458399062263,1.4905193609877139
110,normal,centred exp,shape-free,109,False,1.0,0.9970745148084295,2.016386978399768
110,normal,centred exp,shape-free LC,110,True,1.0,0.9990661061635847,2.5421356433828595
110,Laplace,Gaussian,usual,105,False,0.9995,0.9708998269343555,1.5741629504000771
110,Laplace,Gaussian,Gaussian,105,True,0.9995,0.9708998269343555,1.5741629504000771
110,Laplace,Gaussian,symm. unimodal,105,True,0.9995,0.9708998269343555,1.5741629504000771
110,Laplace,Gaussian,log-concave,105,True,0.9995,0.9708998269343555,1.5741629504000771
110,Laplace,Gaussian,shape-free,109,True,1.0,0.9906862467494666,2.142932489727601
110,Laplace,Gaussian,shape-free LC,110,True,1.0,0.9952706438952403,2.5709155107300723
110,Laplace,uniform,usual,105,False,1.0,0.9689120850070969,1.5423406296629292
110,Laplace,uniform,Gaussian,105,False,1.0,0.9689120850070969,1.5423406296629292
110,Laplace,uniform,symm. unimodal,105,True,1.0,0.9689120850070969,1.5423406296629292
110,Laplace,uniform,log-concave,105,True,1.0,0.9689120850070969,1.5423406296629292
110,Laplace,uniform,shape-free,109,True,1.0,0.9897492876690726,2.1033569807134733
110,Laplace,uniform,shape-free LC,110,True,1.0,0.9949422269917306,2.5519311282470545
110,Laplace,Laplace,usual,105,False,1.0,0.9726333946930368,1.6083046486300927
110,Laplace,Laplace,Gaussian,105,False,1.0,0.9726333946930368,1.6083046486300927
110,Laplace,Laplace,symm. unimodal,105,True,1.0,0.9726333946930368,1.6083046486300927
110,Laplace,Laplace,log-concave,105,True,1.0,0.9726333946930368,1.6083046486300927
110,Laplace,Laplace,shape-free,109,True,1.0,0.9918424077029899,2.235800527807095
110,Laplace,Laplace,shape-free LC,110,True,1.0,0.9961519769136792,2.713365728905298
110,Laplace,t3,usual,105,False,0.9985,0.9688605375296807,1.5552906975942256
110,Laplace,t3,Gaussian,105,False,0.9985,0.9688605375296807,1.5552906975942256
110,Laplace,t3,symm. unimodal,105,True,0.9985,0.9688605375296807,1.5552906975942256
110,Laplace,t3,log-concave,105,False,0.9985,0.9688605375296807,1.5552906975942256
110,Laplace,t3,shape-free,109,True,1.0,0.9913684692767553,2.242027176928858
110,Laplace,t3,shape-free LC,110,False,1.0,0.9961259266933877,2.982020291172261
110,Laplace,centred exp,usual,105,False,0.999,0.9711413692975931,1.589670002679094
110,Laplace,centred exp,Gaussian,105,False,0.999,0.9711413692975931,1.589670002679094
110,Laplace,centred exp,symm. unimodal,105,False,0.999,0.9711413692975931,1.589670002679094
110,Laplace,centred exp,log-concave,105,True,0.999,0.9711413692975931,1.589670002679094
110,Laplace,centred exp,shape-free,109,False,1.0,0.9919703909525144,2.2667871058918383
110,Laplace,centred exp,shape-free LC,110,True,1.0,0.9964616030291726,2.831358272548997
110,centred gamma,Gaussian,usual,105,False,1.0,0.9723380210680729,1.8322496276644298
110,centred gamma,Gaussian,Gaussian,105,True,1.0,0.9723380210680729,1.8322496276644298
110,centred gamma,Gaussian,symm. unimodal,105,True,1.0,0.9723380210680729,1.8322496276644298
110,centred gamma,Gaussian,log-concave,105,True,1.0,0.9723380210680729,1.8322496276644298
110,centred gamma,Gaussian,shape-free,109,True,1.0,0.990172256392854,2.566058500454918
110,centred gamma,Gaussian,shape-free LC,110,True,1.0,0.995066430012977,3.14737618819205
110,centred gamma,uniform,usual,105,False,1.0,0.9705589787584099,1.7871752345203977
110,centred gamma,uniform,Gaussian,105,False,1.0,0.9705589787584099,1.7871752345203977
110,centred gamma,uniform,symm. unimodal,105,True,1.0,0.9705589787584099,1.7871752345203977
110,centred gamma,uniform,log-concave,105,True,1.0,0.9705589787584099,1.7871752345203977
110,centred gamma,uniform,shape-free,109,True,1.0,0.9887602395161899,2.4840228580982493
110,centred gamma,uniform,shape-free LC,110,True,1.0,0.9943380314020376,3.0874024557157878
110,centred gamma,Laplace,usual,105,False,1.0,0.9735090122451704,1.8688226003390513
110,centred gamma,Laplace,Gaussian,105,False,1.0,0.9735090122451704,1.8688226003390513
110,centred gamma,Laplace,symm. unimodal,105,True,1.0,0.9735090122451704,1.8688226003390513
110,centred gamma,Laplace,log-concave,105,True,1.0,0.9735090122451704,1.8688226003390513
110,centred gamma,Laplace,shape-free,109,True,1.0,0.9912423914822986,2.6527892220475406
110,centred gamma,Laplace,shape-free LC,110,True,1.0,0.9956843126123494,3.2644471335140914
110,centred gamma,t3,usual,105,False,1.0,0.9706544625398602,1.8090639796868047
110,centred gamma,t3,Gaussian,105,False,1.0,0.9706544625398602,1.8090639796868047
110,centred gamma,t3,symm. unimodal,105,True,1.0,0.9706544625398602,1.8090639796868047
110,centred gamma,t3,log-concave,105,False,1.0,0.9706544625398602,1.8090639796868047
110,centred gamma,t3,shape-free,109,True,1.0,0.9909875270729124,2.6871349708977967
110,centred gamma,t3,shape-free LC,110,False,1.0,0.9959844211827791,3.6209713260092187
110,centred gamma,centred exp,usual,105,False,1.0,0.9689284535189789,1.7771137665441796
110,centred gamma,centred exp,Gaussian,105,False,1.0,0.9689284535189789,1.7771137665441796
110,centred gamma,centred exp,symm. unimodal,105,False,1.0,0.9689284535189789,1.7771137665441796
110,centred gamma,centred exp,log-concave,105,True,1.0,0.9689284535189789,1.7771137665441796
110,centred gamma,centred exp,shape-free,109,False,1.0,0.9909368544848153,2.697503673207505
110,centred gamma,centred exp,shape-free LC,110,True,1.0,0.9959642469464642,3.4486588846879913
110,truncated exponential,Gaussian,usual,105,False,1.0,0.9690067657382697,1.7355223281860375
110,truncated exponential,Gaussian,Gaussian,105,True,1.0,0.9690067657382697,1.7355223281860375
110,truncated exponential,Gaussian,symm. unimodal,105,True,1.0,0.9690067657382697,1.7355223281860375
110,truncated exponential,Gaussian,log-concave,105,True,1.0,0.9690067657382697,1.7355223281860375
110,truncated exponential,Gaussian,shape-free,109,True,1.0,0.9918331596509095,2.302984469878451
110,truncated exponential,Gaussian,shape-free LC,110,True,1.0,0.9971464772448978,2.6831389861359587
110,truncated exponential,uniform,usual,105,False,1.0,0.9666909114578854,1.69614840633256
110,truncated exponential,uniform,Gaussian,105,False,1.0,0.9666909114578854,1.69614840633256
110,truncated exponential,uniform,symm. unimodal,105,True,1.0,0.9666909114578854,1.69614840633256
110,truncated exponential,uniform,log-concave,105,True,1.0,0.9666909114578854,1.69614840633256
110,truncated exponential,uniform,shape-free,109,True,1.0,0.9907061311027724,2.259224726780817
110,truncated exponential,uniform,shape-free LC,110,True,1.0,0.9964166093836359,2.588281901636704
110,truncated exponential,Laplace,usual,105,False,1.0,0.970648824194961,1.7676059062887672
110,truncated exponential,Laplace,Gaussian,105,False,1.0,0.970648824194961,1.7676059062887672
110,truncated exponential,Laplace,symm. unimodal,105,True,1.0,0.970648824194961,1.7676059062887672
110,truncated exponential,Laplace,log-concave,105,True,1.0,0.970648824194961,1.7676059062887672
110,truncated exponential,Laplace,shape-free,109,True,1.0,0.9935491145747368,2.394011076176589
110,truncated exponential,Laplace,shape-free LC,110,True,1.0,0.9978943449879293,2.8607393030608836
110,truncated exponential,t3,usual,105,False,1.0,0.9675989159032073,1.7202309992931972
110,truncated exponential,t3,Gaussian,105,False,1.0,0.9675989159032073,1.7202309992931972
110,truncated exponential,t3,symm. unimodal,105,True,1.0,0.9675989159032073,1.7202309992931972
110,truncated exponential,t3,log-concave,105,False,1.0,0.9675989159032073,1.7202309992931972
110,truncated exponential,t3,shape-free,109,True,1.0,0.9925413945501219,2.387638661439205
110,truncated exponential,t3,shape-free LC,110,False,1.0,0.9976133063908532,3.2135231067184047
110,truncated exponential,centred exp,usual,105,False,1.0,0.9733333238588046,1.8157166296555869
110,truncated exponential,centred exp,Gaussian,105,False,1.0,0.9733333238588046,1.8157166296555869
110,truncated exponential,centred exp,symm. unimodal,105,False,1.0,0.9733333238588046,1.8157166296555869
110,truncated exponential,centred exp,log-concave,105,True,1.0,0.9733333238588046,1.8157166296555869
110,truncated exponential,centred exp,shape-free,109,False,1.0,0.9944065253517609,2.416919407181441
110,truncated exponential,centred exp,shape-free LC,110,True,1.0,0.9981879177578801,2.8999270268360644
1000,normal,Gaussian,usual,916,False,1.0,0.9689595441843811,1.3137749628719513
1000,normal,Gaussian,Gaussian,917,True,1.0,0.9695163490147537,1.318210727313255
1000,normal,Gaussian,symm. unimodal,918,True,1.0,0.9700765384266575,1.3226995543464362
1000,normal,Gaussian,log-concave,922,True,1.0,0.9723090645509884,1.341338969987283
1000,normal,Gaussian,shape-free,962,True,1.0,0.9909337693245013,1.5924592690568562
1000,normal,Gaussian,shape-free LC,974,True,1.0,0.9949979181419888,1.7154920206017568
1000,normal,uniform,usual,916,False,1.0,0.9691768796333166,1.3152873041052027
1000,normal,uniform,Gaussian,917,False,1.0,0.9697008872317465,1.3194625932841941
1000,normal,uniform,symm. unimodal,918,True,1.0,0.9702231023167411,1.323681037739731
1000,normal,uniform,log-concave,922,True,1.0,0.9722963335912732,1.3410950422091843
1000,normal,uniform,shape-free,962,True,1.0,0.9902410956365008,1.5764785693226395
1000,normal,uniform,shape-free LC,974,True,1.0,0.9943412863823524,1.6896025971956719
1000,normal,Laplace,usual,916,False,1.0,0.9671867199170288,1.300706643640021
1000,normal,Laplace,Gaussian,917,False,1.0,0.967826119413238,1.3055314119657564
1000,normal,Laplace,symm. unimodal,918,True,1.0,0.9684383430347155,1.3102489760755398
1000,normal,Laplace,log-concave,922,True,1.0,0.9708586052071401,1.329665959528308
1000,normal,Laplace,shape-free,962,True,1.0,0.991311081519291,1.6030393497339388
1000,normal,Laplace,shape-free LC,974,True,1.0,0.9956056339013962,1.7439964365376945
1000,normal,t3,usual,916,False,1.0,0.9603130700812592,1.2531162351191634
1000,normal,t3,Gaussian,917,False,1.0,0.9610351385276181,1.2577368860528781
1000,normal,t3,symm. unimodal,918,True,1.0,0.9617025323326206,1.2621097523673288
1000,normal,t3,log-concave,922,False,1.0,0.9644405859822057,1.280684111351721
1000,normal,t3,shape-free,962,True,1.0,0.9885078176950036,1.5436825716444251
1000,normal,t3,shape-free LC,974,False,1.0,0.9940489224651021,1.6841541316872986
1000,normal,centred exp,usual,916,False,1.0,0.9652219407352609,1.2860954636732171
1000,normal,centred exp,Gaussian,917,False,1.0,0.965876988008554,1.2908064023054293
1000,normal,centred exp,symm. unimodal,918,False,1.0,0.9665272211735364,1.2955482260707758
1000,normal,centred exp,log-concave,922,True,1.0,0.9690178855425902,1.3145012612033775
1000,normal,centred exp,shape-free,962,False,1.0,0.9905245950725653,1.5849209824984392
1000,normal,centred exp,shape-free LC,974,True,1.0,0.9952508063670589,1.72914927279934
1000,Laplace,Gaussian,usual,916,False,1.0,0.9532923764318468,1.3333215057658512
1000,Laplace,Gaussian,Gaussian,917,True,1.0,0.9538811509690022,1.3388636850869406
1000,Laplace,Gaussian,symm. unimodal,918,True,1.0,0.9544798862323096,1.3445751302921725
1000,Laplace,Gaussian,log-concave,922,True,1.0,0.9568187645115227,1.3676359049191698
1000,Laplace,Gaussian,shape-free,962,True,1.0,0.9795318410023153,1.69472212641938
1000,Laplace,Gaussian,shape-free LC,974,True,1.0,0.9860564983114553,1.864102406162925
1000,Laplace,uniform,usual,916,False,1.0,0.951734142846613,1.3188171514942506
1000,Laplace,uniform,Gaussian,917,False,1.0,0.9523123226363039,1.324090510278842
1000,Laplace,uniform,symm. unimodal,918,True,1.0,0.9528961747564457,1.3294521248237174
1000,Laplace,uniform,log-concave,922,True,1.0,0.9552531447604112,1.3518719798794812
1000,Laplace,uniform,shape-free,962,True,1.0,0.9780958580468497,1.6647803725997927
1000,Laplace,uniform,shape-free LC,974,True,1.0,0.9848047277187588,1.826166151376408
1000,Laplace,Laplace,usual,916,False,1.0,0.9536882908499729,1.337307346560788
1000,Laplace,Laplace,Gaussian,917,False,1.0,0.9543144123170106,1.343297724901415
1000,Laplace,Laplace,symm. unimodal,918,True,1.0,0.954926287025078,1.3491993441650532
1000,Laplace,Laplace,log-concave,922,True,1.0,0.9573662125654735,1.3735472008249794
1000,Laplace,Laplace,shape-free,962,True,1.0,0.9808590471169638,1.724665931805587
1000,Laplace,Laplace,shape-free LC,974,True,1.0,0.9873308383905699,1.906908199979622
1000,Laplace,t3,usual,916,False,1.0,0.9485491857219761,1.2917111547477333
1000,Laplace,t3,Gaussian,917,False,1.0,0.9492381337220923,1.2976354528595262
1000,Laplace,t3,symm. unimodal,918,True,1.0,0.9499469084251193,1.3037920150074005
1000,Laplace,t3,log-concave,922,False,1.0,0.9526996711746334,1.3285707242493967
1000,Laplace,t3,shape-free,962,True,1.0,0.9790785709021266,1.6869772464394843
1000,Laplace,t3,shape-free LC,974,False,1.0,0.9864491140320356,1.8793661089617868
1000,Laplace,centred exp,usual,916,False,1.0,0.951997300963657,1.3218550206685145
1000,Laplace,centred exp,Gaussian,917,False,1.0,0.952637825892451,1.3277471949764008
1000,Laplace,centred exp,symm. unimodal,918,False,1.0,0.9532955139425726,1.3338706084967924
1000,Laplace,centred exp,log-concave,922,True,1.0,0.9559131142966265,1.3591085747293215
1000,Laplace,centred exp,shape-free,962,False,1.0,0.9806635314740816,1.7211356790244678
1000,Laplace,centred exp,shape-free LC,974,True,1.0,0.9874913432500443,1.914075402788109
1000,centred gamma,Gaussian,usual,916,False,1.0,0.958590689449218,1.5462729095121779
1000,centred gamma,Gaussian,Gaussian,917,True,1.0,0.9590142361459886,1.5527335947511192
1000,centred gamma,Gaussian,symm. unimodal,918,True,1.0,0.9594231179311599,1.5589912673255621
1000,centred gamma,Gaussian,log-concave,922,True,1.0,0.9610807345723063,1.5851604049814954
1000,centred gamma,Gaussian,shape-free,962,True,1.0,0.979165659750842,1.9734041711728019
1000,centred gamma,Gaussian,shape-free LC,974,True,1.0,0.9851549745275606,2.1823838539099323
1000,centred gamma,uniform,usual,916,False,1.0,0.9578558062960235,1.5347151938282673
1000,centred gamma,uniform,Gaussian,917,False,1.0,0.9582308405433009,1.5402985968837293
1000,centred gamma,uniform,symm. unimodal,918,True,1.0,0.9585945816441629,1.5457858147828307
1000,centred gamma,uniform,log-concave,922,True,1.0,0.9600895283903503,1.5688537455964588
1000,centred gamma,uniform,shape-free,962,True,1.0,0.9771849633864212,1.9172920719705944
1000,centred gamma,uniform,shape-free LC,974,True,1.0,0.9834201050015317,2.1152557619052375
1000,centred gamma,Laplace,usual,916,False,1.0,0.9585133733743878,1.5458220442849155
1000,centred gamma,Laplace,Gaussian,917,False,1.0,0.9589856779759348,1.5529940450587452
1000,centred gamma,Laplace,symm. unimodal,918,True,1.0,0.9594394054636468,1.5599841044423866
1000,centred gamma,Laplace,log-concave,922,True,1.0,0.9612721444463329,1.5889755890255177
1000,centred gamma,Laplace,shape-free,962,True,1.0,0.9805769257390707,2.0177442600675204
1000,centred gamma,Laplace,shape-free LC,974,True,1.0,0.9866796471033529,2.249118398251593
1000,centred gamma,t3,usual,916,False,1.0,0.9534374834513858,1.4736256256102078
1000,centred gamma,t3,Gaussian,917,False,1.0,0.9539561154847696,1.4806988656452573
1000,centred gamma,t3,symm. unimodal,918,True,1.0,0.9544644581875805,1.4877040057398017
1000,centred gamma,t3,log-concave,922,False,1.0,0.9565493554931003,1.5172792289016794
1000,centred gamma,t3,shape-free,962,True,1.0,0.9788266531407805,1.9662827198068356
1000,centred gamma,t3,shape-free LC,974,False,1.0,0.9858932907361775,2.2173558877556827
1000,centred gamma,centred exp,usual,916,False,1.0,0.9503734651513355,1.432814786565692
1000,centred gamma,centred exp,Gaussian,917,False,1.0,0.9508644478878961,1.4391343216799415
1000,centred gamma,centred exp,symm. unimodal,918,False,1.0,0.9513464154071137,1.4453731367365283
1000,centred gamma,centred exp,log-concave,922,True,1.0,0.9533818474315658,1.4725020104159434
1000,centred gamma,centred exp,shape-free,962,False,1.0,0.9779156343430484,1.9415195580985336
1000,centred gamma,centred exp,shape-free LC,974,True,1.0,0.9857589483811693,2.2132950299721013
1000,truncated exponential,Gaussian,usual,916,False,1.0,0.9516507546879236,1.468449396237783
1000,truncated exponential,Gaussian,Gaussian,917,True,1.0,0.9521459468509518,1.474535431966329
1000,truncated exponential,Gaussian,symm. unimodal,918,True,1.0,0.9526561300622577,1.480835218624776
1000,truncated exponential,Gaussian,log-concave,922,True,1.0,0.9546682468984007,1.5062148845962484
1000,truncated exponential,Gaussian,shape-free,962,True,1.0,0.977352296070611,1.8654501416285005
1000,truncated exponential,Gaussian,shape-free LC,974,True,1.0,0.9852958423109005,2.0407779852454913
1000,truncated exponential,uniform,usual,916,False,1.0,0.9500730877981066,1.4489802023782077
1000,truncated exponential,uniform,Gaussian,917,False,1.0,0.9505170859172678,1.454299809025213
1000,truncated exponential,uniform,symm. unimodal,918,True,1.0,0.9509663135819434,1.4597197105137842
1000,truncated exponential,uniform,log-concave,922,True,1.0,0.9528212002836748,1.4824917423362403
1000,truncated exponential,uniform,shape-free,962,True,1.0,0.9749315100202455,1.8186213946430763
1000,truncated exponential,uniform,shape-free LC,974,True,1.0,0.9833353727013701,1.994172673568075
1000,truncated exponential,Laplace,usual,916,False,1.0,0.9521756816083701,1.4752170067111388
1000,truncated exponential,Laplace,Gaussian,917,False,1.0,0.9527258409255285,1.482045744740782
1000,truncated exponential,Laplace,symm. unimodal,918,True,1.0,0.9532690508368196,1.4888240128929315
1000,truncated exponential,Laplace,log-concave,922,True,1.0,0.9554638768046989,1.5168166927718065
1000,truncated exponential,Laplace,shape-free,962,True,1.0,0.9793559691227358,1.9063948941924216
1000,truncated exponential,Laplace,shape-free LC,974,True,1.0,0.9872088887179857,2.0893725643421255
1000,truncated exponential,t3,usual,916,False,1.0,0.9473378238047544,1.4179819690816924
1000,truncated exponential,t3,Gaussian,917,False,1.0,0.9479437857493704,1.4249861240243031
1000,truncated exponential,t3,symm. unimodal,918,True,1.0,0.9485667801084806,1.4322709193189294
1000,truncated exponential,t3,log-concave,922,False,1.0,0.9510399827201359,1.4617253159333354
1000,truncated exponential,t3,shape-free,962,True,1.0,0.9774542128918132,1.868197072796433
1000,truncated exponential,t3,shape-free LC,974,False,1.0,0.9861716645387854,2.0633007961032956
1000,truncated exponential,centred exp,usual,916,False,1.0,0.9556218821205373,1.5188383584659213
1000,truncated exponential,centred exp,Gaussian,917,False,1.0,0.9561618012000209,1.5258767707248864
1000,truncated exponential,centred exp,symm. unimodal,918,False,1.0,0.9566921857595179,1.5328581175857854
1000,truncated exponential,centred exp,log-concave,922,True,1.0,0.9588876205047352,1.5624280381511528
1000,truncated exponential,centred exp,shape-free,962,False,1.0,0.9816981802347352,1.9563909878002066
1000,truncated exponential,centred exp,shape-free LC,974,True,1.0,0.9891102640466597,2.1400596745428517
